{
  "project_info": {
    "project_number": "800250325882",
    "firebase_url": "https://v6firebaseauth.firebaseio.com",
    "project_id": "v6firebaseauth",
    "storage_bucket": "v6firebaseauth.appspot.com"
  },
  "client": [
    {
      "client_info": {
        "mobilesdk_app_id": "1:800250325882:android:2586df1fe3f9c09b",
        "android_client_info": {
          "package_name": "info.login.v6"
        }
      },
      "oauth_client": [
        {
          "client_id": "800250325882-surtq3rlq37nv5b7feee0a4nbuqf8719.apps.googleusercontent.com",
          "client_type": 1,
          "android_info": {
            "package_name": "info.login.v6",
            "certificate_hash": "771bce28ab3f102c292cdbeb3e7e7d74249fba39"
          }
        },
        {
          "client_id": "800250325882-jt0hmngn3sf3oo9bagdegcl980qlo23a.apps.googleusercontent.com",
          "client_type": 1,
          "android_info": {
            "package_name": "info.login.v6",
            "certificate_hash": "8fd0f4aa63068ac4a2869eb74de62a1c65651bc0"
          }
        },
        {
          "client_id": "800250325882-efdj6ntsc7dmq0e07h26uneq5ov8d079.apps.googleusercontent.com",
          "client_type": 3
        }
      ],
      "api_key": [
        {
          "current_key": "AIzaSyBTJ88cXG0d5n6SEEERIZJEdXrRmywl4BE"
        }
      ],
      "services": {
        "appinvite_service": {
          "other_platform_oauth_client": [
            {
              "client_id": "800250325882-efdj6ntsc7dmq0e07h26uneq5ov8d079.apps.googleusercontent.com",
              "client_type": 3
            }
          ]
        }
      }
    }
  ],
  "configuration_version": "1"
}